[{
    "node1": {"value": "1", "successors": []},
    "node5": {"value": "5", "successors": []},
    "node4": {"value": "4", "successors": ["node5"]},
    "node3": {"value": "3", "successors": ["node4"]},
    "node2": {"value": "2", "successors": ["node1", "node3", "node4"]},
    "node0": {"value": "0", "successors": ["node2", "node5"]},
},{
    ("node0", "node2"): 3,
    ("node0", "node5"): 10,
    ("node2", "node1"): 1,
    ("node2", "node3"): 2,
    ("node2", "node4"): 4,
    ("node3", "node4"): 1,
    ("node4", "node5"): 1,
}]
